Kabupaten,Prediksi_2025,Prediksi_2026,Prediksi_2027,Prediksi_2028,Prediksi_2029,Prediksi_2030
Aceh Barat,78.10914472053139,78.55312313244225,78.93482492972264,79.35582786220768,79.95258810862367,80.47242656494255
Aceh Barat Daya,72.62360486084732,73.00713832816683,73.54513948890856,74.16459193090274,74.709879656642,75.14475856553372
Aceh Besar,79.38537305451898,79.55105859909195,80.09586956994447,80.672199555583,81.00564358581404,81.08743790191834
Aceh Jaya,76.0334001302276,76.1313885835247,76.57848386787322,77.0416807262712,77.80203795005963,78.40072254553682
Aceh Selatan,73.04406460071834,73.60777860097231,74.10765242432278,74.58085841154957,74.99030226484419,75.3691165734963
Aceh Singkil,74.78660111219702,75.2213761518844,75.76774802065066,76.2476357503898,76.69791034944805,77.17266763204245
Aceh Tamiang,76.97950504695267,77.76621565699139,78.54834660783247,79.33227022981634,80.04371575261644,80.73430142152283
Aceh Tengah,80.02095427363875,80.30876222486157,80.85875591773085,81.51967828700928,82.12893866913443,82.6234181823857
Aceh Tenggara,76.29435640185481,76.94936718719259,77.59874370759637,78.21914811827406,78.81731857954081,79.40353518845505
Aceh Timur,74.13971731563639,74.41694305192961,74.99756593681579,75.58161179719725,76.1540854409714,76.71445209064899
Aceh Utara,75.65525727447158,76.17212637480608,77.0115142386503,77.73583598341806,78.23666863815471,78.61949861076471
Agam,79.23752293500759,79.44678741196911,79.99394522636965,80.72030781748676,81.40283629128396,81.82478984984824
Alor,67.26164758484245,67.73965591764824,68.62490722008818,69.35925581254983,69.9665892203183,70.40214166610272
Asahan,76.51457510758533,76.99556632004749,77.52925211179685,78.03621309592828,78.50836785535108,78.97817925052443
Asmat,55.545791780605114,55.99589064221207,57.01486502262447,57.492275750047966,57.763097967901075,57.88157134703045
Badung,89.67904281271078,90.07876691555572,90.64086889855255,91.26822071581165,91.93734019966571,92.46937717074836
Balangan,75.96565045346179,76.59834579289583,77.14735446294131,77.65644096601481,78.21401447350634,78.9449251836957
Bandung,79.09401646079209,79.54774697173892,80.06253618551668,80.5335094954822,80.97761511543106,81.42337427404352
Bandung Barat,74.48036415384297,75.04799630010254,75.58368306412379,76.0441077877226,76.45837449034305,76.92988917314193
Banggai,76.70651729148152,76.92692004700373,77.24917690559406,77.81796842867567,78.44384419636198,78.91265484668996
Banggai Kepulauan,71.42539328068334,71.76659527838649,72.28506408897438,72.92015208174162,73.52455848177858,73.98592514083796
Banggai Laut,71.31554390824435,71.67823252022782,72.01323137293807,72.32657335756332,72.65237102819289,72.96811649815751
Bangka,78.19692395861483,78.25306312468564,78.699295274617,79.27713699523486,79.7328905842068,79.87407708672332
Bangka Barat,74.89089134570217,75.25800633735284,75.5420856575448,75.8685393626924,76.21049889795465,76.51071759089085
Bangka Selatan,72.84946932768078,73.29106041361153,74.09205647108328,74.58327376489873,74.96177552176582,75.4326443797218
Bangka Tengah,76.1260374649251,76.47459925974019,76.73871530047701,76.9795136884091,77.26297098785425,77.52696607834709
Bangkalan,69.94335487436904,70.64180578090529,71.29783467704992,71.83451556049636,72.40349483166469,73.03978669833792
Bangli,75.15580415224488,75.42012712758638,75.92237441822004,76.62594557602878,77.08452929591368,77.27588363068482
Banjar,75.97617456468845,76.44699035023349,77.16326821011297,77.86918370052837,78.48193398374863,78.9415661728203
Banjarnegara,74.07706194228437,74.79587309598841,75.26685861251923,75.7967038072059,76.43946421206034,76.9927768814843
Bantaeng,76.01847801116455,76.50393031545745,76.97793079378906,77.71354342831175,78.59612287865605,79.51392416605061
Bantul,86.53171235843128,86.99864755505618,87.50826609794004,87.94901514215559,88.27654100613725,88.62530386338283
Banyu Asin,73.64401201331893,74.08665547045788,74.56312193870043,75.09979818486079,75.77313442611829,76.36934872024277
Banyumas,79.32593602421011,80.01801403095435,80.71302938611699,81.39237388801197,82.06424122703841,82.7338654302075
Banyuwangi,77.27518883853415,77.84256314170608,78.37366513965551,79.11039581503056,79.68556414439456,80.13954953522598
Barito Kuala,72.80675761687064,73.05291055152576,73.57113075839165,74.1975029649023,74.87616858200519,75.57958394881284
Barito Selatan,76.83648215101407,77.36333983332187,77.9234149542385,78.43602978455694,78.91269534683134,79.3759794617421
Barito Timur,78.19730435179521,79.11239387373584,79.87791023487664,80.73013353159523,81.6488969134106,82.44004687010337
Barito Utara,76.87216442311073,77.26693573074272,77.71488011022122,78.1231979267387,78.47550333403964,78.79983637955378
Barru,77.36838449997721,77.69144234026325,78.39491021831441,79.2034200962528,79.73012686513981,80.07466730161265
Batang,75.13023133582746,75.46069770084476,75.93094539849804,76.42543287277547,76.96361211239478,77.41686544131262
Batang Hari,76.16132260642851,76.6561479328616,77.11207185412756,77.6514957662976,78.18455053851616,78.7054631655774
Batu Bara,75.04393762750797,75.55384092470581,76.26834526490218,76.99366625258189,77.54310162144793,78.06388111304089
Bekasi,81.46625904698374,81.9832945447863,82.57082427268374,83.19222594634388,83.82014005364431,84.35977095757988
Belitung,79.26405950739587,79.68572165345451,80.31798930491902,80.9126744513758,81.32889070019115,81.83736520179437
Belitung Timur,78.27863670647994,78.95192739575943,79.43160945337712,80.02122893502957,80.68813275503506,81.2191393361982
Belu,68.13944544074558,68.66555191105634,69.1900803627376,69.7132169203354,70.20620860019419,70.68690888614047
Bener Meriah,79.74524750765792,80.34178943926467,80.91316598999424,81.43797777821062,81.96935884930498,82.52057458434447
Bengkalis,80.025327219266,80.6094858648044,81.14033892920462,81.53529797242552,81.95802593249508,82.45546026068273
Bengkayang,74.77425763511691,75.22472884145286,75.89651115252053,76.67541909996346,77.40284937831237,77.97906430425238
Bengkulu Selatan,76.51258728109154,76.89647184256737,77.50842721315426,78.04128229160439,78.44039203726138,78.68128806057769
Bengkulu Tengah,73.97682035536943,74.48863862743572,75.0544448600265,75.60465332348973,76.29975740454421,76.9373193077047
Bengkulu Utara,75.47833951527222,76.01435301416956,76.60568742636706,76.98017734985538,77.53014680206884,78.08309863850381
Berau,81.51758397123042,82.01660761938247,82.45196040558794,82.91630603082677,83.33817130443802,83.78260643151062
Biak Numfor,78.07579338595895,78.33930814011096,78.91964133661158,79.43396287210848,79.74061232726925,79.88196598140675
Bima,72.88661519403692,73.52389790483215,74.22524988579298,74.9073752088239,75.4933309041598,76.05663474186498
Bintan,80.85261994602132,81.19945672785404,81.56132991914876,82.22990390394114,82.81744320434912,83.38889214286539
Bireuen,78.85324110185873,79.4183408807568,79.93638687998977,80.50685425776248,81.09023418142313,81.52587270191898
Blitar,78.17895377005702,79.08697473368368,79.72832478590206,80.4814979308256,81.35356087384326,82.03762939379675
Blora,75.85587917453304,76.49377734848451,76.98859417634444,77.66515794634441,78.35345502358955,79.0237263015689
Boalemo,72.82940641230994,73.40232815971405,74.24454642333815,75.20116340406354,75.91128540100534,76.47244924407494
Bogor,76.490470201187,76.79354337499134,77.34643221958264,77.91169374658716,78.38470627581535,78.55198818954796
Bojonegoro,76.11237166048518,76.72695489923453,77.53078274207516,78.36242745708307,78.9428442705017,79.58200972534894
Bolaang Mongondow,74.87402681067057,75.38331130171126,76.0732600804677,76.78257518204559,77.3582597261613,77.95031681342726
Bolaang Mongondow Selatan,70.77357191076597,71.08026446047961,71.46155131286179,71.8165246317021,72.4106557390716,72.79537430801825
Bolaang Mongondow Timur,73.21172253803351,74.02689869383711,74.788950708542,75.58028552438905,76.42830616981068,77.1654426038724
Bolaang Mongondow Utara,73.41643669031494,73.76499629113002,74.40924411106872,75.01088038748647,75.70315548623742,76.12201057123609
Bombana,72.81916041849678,73.42712939300567,73.87860298542492,74.40429375319853,74.90346601426256,75.56381242447137
Bondowoso,72.6046121763776,73.45460929285376,74.14509154716248,74.9498272509796,75.77289093229096,76.45897102475737
Bone,72.31808866848102,72.9857883610654,73.65690458215764,74.26066654955154,74.85169736473647,75.46142051356034
Bone Bolango,76.95315262909655,77.43113101706533,78.09318807676595,78.67863740740229,79.40283646088365,80.14197691417422
Boven Digoel,66.60010029774136,67.29540439807772,68.22105175975105,68.47625460725493,68.52846803824296,69.0200205002492
Boyolali,80.88419866712562,81.25983557846284,81.76487406579542,82.22002821993897,82.69650653393067,83.12786934236634
Brebes,71.97582086757065,72.18763879711584,72.61938668286012,73.31753876629402,73.9581230708724,74.40817913215082
Buleleng,78.8278017815697,79.57751096058762,80.14823270489084,80.71312464514769,81.17417526099428,81.79756783053335
Bulukumba,76.79719029653113,77.82669169974474,78.78171785633732,79.80822514782992,80.82897181728738,81.79589106734164
Bulungan,77.41720978373827,78.06979126886785,78.23324302505038,78.88390976171658,79.34435097079381,79.4266765998176
Bungo,76.69083480474086,77.35781828477836,78.01383604886429,78.51637290256754,79.01547181245289,79.62430404065508
Buol,74.92138692754567,75.47738314953801,75.87855965372765,76.47246508115138,77.01462000145985,77.78002069785867
Buru,75.08609178871731,75.40810219157075,75.85173380950194,76.39544871256815,76.92138555644718,77.35306607190066
Buru Selatan,71.40946441610447,71.95941822833046,72.42178124565457,73.0641766704926,73.90139043612209,74.7170516262681
Buton,72.90700720086123,73.47361996828815,74.27405080445384,75.2701125415188,76.02190459940412,76.57171748715352
Buton Selatan,70.93379241110785,71.5313345454785,72.15134826760041,72.73424346572625,73.20358678399546,73.6572993562015
Buton Tengah,70.32083761686354,71.06488981866812,71.63479150975886,72.21397672367375,72.7444379618104,73.26571725945745
Buton Utara,75.35124653110076,75.74867918101532,76.49348621806428,77.21183988863663,77.90741465693745,78.65655013759182
Ciamis,76.6967735321904,77.15528786705988,77.7085804273027,78.27046780945666,78.79229301955586,79.19051595692515
Cianjur,71.17372808149308,71.41903341176142,71.66461192336907,72.2318466702746,72.89573219543247,73.38627715838622
Cilacap,76.59936598408314,77.12306553367763,77.66777383075502,78.2585726641751,78.88384945060875,79.30276544977832
Cirebon,75.76025997334213,76.35109285333964,77.24240053508689,78.07484812410583,78.6260078439695,79.084105294202
Dairi,78.62753752097449,79.17546756843336,79.80254286758642,80.42787696381474,80.99026250761466,81.51602073747819
Deiyai,52.22061032866106,52.62708496151163,53.25255299006094,53.714922104882355,53.79479537409697,53.94122025563075
Deli Serdang,81.96328527101812,82.50150589116798,82.85769640936766,83.25780225388581,83.67517795264679,84.01584360808255
Demak,79.40798032078483,80.1448979731389,80.84874853899255,81.43992383271802,82.03967021011361,82.70926005277217
Dharmasraya,78.91061896510527,79.451635185636,80.08825600589127,80.70599463591542,81.47521298400746,82.11920454326196
Dogiyai,59.003217703680185,59.25660199606963,59.84549180219362,60.22648661860198,60.40994880703605,60.57011662017646
Dompu,75.39188475104872,76.21122899688147,77.02775234427979,77.80448060745495,78.55968231645691,79.29237051996812
Donggala,71.36767792336741,71.7497225316944,72.13197728384347,72.58935154060269,73.04998116048014,73.42262845664311
Empat Lawang,70.96066100963323,71.38532422607418,71.94299488734669,72.5538071224166,73.02897667494905,73.4472476621253
Ende,72.86100997069786,73.27943391267023,73.83205532060224,74.39464762654136,74.86955757287548,75.28273398302706
Enrekang,79.44062835900245,79.94521593899394,80.41995161072364,80.88101264573167,81.40814093302163,81.9648028551315
Fakfak,74.77915302602456,75.0891141046837,75.646261673155,76.2087568814696,76.8331886972306,77.469702684223
Flores Timur,69.7414794340417,70.0226346330034,70.68300642181076,71.40336222922087,71.82378224220984,72.06368311709849
Garut,73.10799976693586,73.74835347277292,74.43982147810225,75.09199618154285,75.65101323140964,76.19729424450912
Gayo Lues,74.08114935162686,74.66365688905961,75.19623856686827,75.72847935305853,76.34601655100451,77.14549013578264
Gianyar,84.9834079642157,85.48103225570014,86.07510060949878,86.75545871700892,87.40051459080956,87.94681937670062
Gorontalo,73.72402891876033,74.57731246597174,75.53828036232505,76.19965273018349,76.78217703298499,77.55234196911333
Gorontalo Utara,71.47317386563589,72.18009266265666,72.86624488247435,73.51986418314021,74.27840317826852,74.95051058085332
Gowa,77.00408932122782,77.55906728162667,78.26660782879418,78.95500046808,79.54733863257586,80.24413061667718
Gresik,83.47575502581253,84.17758292604812,84.95739565536262,85.48970612405154,85.95858658244312,86.61504850005426
Grobogan,76.30841770431755,76.72754380905491,77.26333148091632,77.73431698864515,78.25741370517963,78.68894839509404
Gunung Kidul,75.84348603061376,76.04635561769116,76.676989826662,76.95450501443678,77.65737634392302,77.90755077391628
Gunung Mas,77.47416395182614,78.0254961888173,78.64581176747595,79.19989395251446,79.67950876429175,80.1566205949806
Halmahera Barat,71.64826250311992,72.29903547779418,72.94329101425473,73.54804658962446,74.15186539847915,74.75517590593859
Halmahera Selatan,70.70633359556783,71.05457591514359,71.73372774053114,72.4567912288388,73.05985421279647,73.7132362955948
Halmahera Tengah,72.34309593116377,72.75093652660932,73.27214288426734,74.0765268350388,75.01168798069794,75.61213799943006
Halmahera Timur,74.12750557395444,74.64831951293512,75.30223164261041,76.04028278380804,76.7586157328883,77.4363839608172
Halmahera Utara,73.83084775962547,73.93866092102958,74.27140384977783,74.6184760215443,75.2412420915234,75.88102959422811
Hulu Sungai Selatan,75.52329207265375,76.04748705549974,76.56737196490279,77.08464616052034,77.62370835629963,78.14411548065223
Hulu Sungai Tengah,74.96259564128513,75.4581779138294,75.9207025150535,76.36190558604217,76.77424694366285,77.16122088572274
Hulu Sungai Utara,71.84024925379865,72.1751494070392,72.68990004184722,73.32035176907756,74.07326247929234,74.68153046877012
Humbang Hasundutan,76.08972818889613,76.63963884415467,77.57723142628589,78.04333410614493,78.78366990329164,79.36569787550239
Indragiri Hilir,71.87789291633393,71.95010286260577,72.214235707849,72.73054270471145,73.12912869051308,73.35683165230411
Indragiri Hulu,75.64738072640054,75.86411437916273,76.2609836076848,76.65795801441685,76.97964713571731,77.27645254273692
Indramayu,73.90875292239446,74.58137688873668,75.61469596604357,76.33560209174843,76.90991233331432,77.31560506650618
Intan Jaya,52.92270937646994,53.82889404807112,54.46462855710373,54.94121138016046,55.77733484569322,56.54719821263716
Jayapura,78.60281959672966,79.06198875527667,79.64845383736613,80.29294031379136,80.86716288686885,81.36330458668856
Jayawijaya,62.662644602245116,63.12884069321776,64.1307129824524,64.45622159601992,64.59004734253487,64.74543884587986
Jember,72.93313105406108,73.42842246258552,73.90337676344367,74.55323473663319,75.085937267169,75.62959276101522
Jembrana,79.55280741862273,80.1246453223553,80.73383582666071,81.34040343831414,81.91682139944074,82.50033126437097
Jeneponto,69.94382096954418,70.35186659851017,70.99707246160803,71.76948241516288,72.27874468204617,72.60852433768554
Jepara,79.27019159425217,80.03598680198102,80.73762450383445,81.30128922984375,81.8840254871962,82.54752196225448
Jombang,79.72976216426413,80.19332077910548,80.73295427247271,81.28085148102434,81.7619524455429,82.18454240769123
Kaimana,71.8786848795323,72.27125987058768,72.98863873079628,73.72327047857601,74.51242078140247,75.25022937447537
Kampar,79.05610618789545,79.56415519004975,80.00118968781364,80.57482002314667,80.91147878259149,81.15410433193414
Kapuas,75.58160107816451,75.77035868874033,75.97540732131662,76.25994984161214,76.72363389751101,77.24637197087438
Kapuas Hulu,73.06793590262134,73.73982813543077,74.5954011694917,75.44349699765013,76.15311568612974,76.81576273948025
Karanganyar,83.78718101835193,84.45344031975323,84.83914916043983,85.25342713820558,85.70783178678515,86.1634712206575
Karangasem,74.37893779891068,74.7720361833067,75.04566122873425,76.09024913707401,76.88804828620486,77.35118557727003
Karawang,77.17346172751323,77.57961450508027,78.191561937622,78.83011625210594,79.31265273982183,79.58893433813972
Karimun,79.73621216956042,80.92755987059267,81.89339652240737,82.9913319366549,84.16404879862844,85.14359551728813
Karo,81.5034474234675,81.97476072203945,82.52748338403477,83.09802214895558,83.61843790747176,84.09169631787721
Katingan,74.81467437962046,75.58342637497533,76.13661596769633,76.57708060541128,77.0207662389488,77.68792148606377
Kaur,72.92772223365527,73.27096332600792,73.9025179922856,74.50964289948212,75.01061789247416,75.40228728739804
Kayong Utara,69.89215190537065,70.96407144221811,71.96665118962122,72.8889212392523,73.79034476746904,74.69660135394528
Kebumen,76.29623483529767,76.9080950375831,77.50282463651413,78.05595231785937,78.54937832307526,79.08069554267412
Kediri,79.17384275507558,79.5455381793135,80.2497735737062,81.00874805481948,81.40235465029328,82.00345045038777
Keerom,72.5124620000281,72.91274394649842,73.56930296828892,74.27488046061052,74.72994976778317,75.06549012577385
Kendal,78.8721126878763,79.58412588885659,80.23890741830103,80.72871402095305,81.21662365553196,81.87530119817337
Kep. Seribu,78.90342979988588,79.59281636341174,80.15978571149078,80.88797633563594,81.53185757082349,82.22708486663868
Kepahiang,74.35633789382823,75.03099347370944,75.54872579344111,76.10300143025525,76.67940715600663,77.19323412717883
Kepulauan Anambas,74.92221354402591,75.44045980125439,76.0096713869774,76.70971520771627,77.24524836181727,77.76829833060353
Kepulauan Aru,69.79981040694416,70.12176382708665,70.28543672517347,70.58649537641271,71.1631068308403,71.85934160072156
Kepulauan Mentawai,67.78546180588802,68.18325904690275,68.6682683672536,69.27070930147812,69.91129686261658,70.4963762653572
Kepulauan Meranti,71.51209608491516,71.70779854407144,72.36041333298124,73.1374064538768,73.75219850520564,73.94423570113649
Kepulauan Sangihe,77.28971265798575,77.78822441720914,78.30651404183558,78.82287492793724,79.31751666045922,79.8006181259676
Kepulauan Selayar,74.48709890861626,75.1302907033544,75.95446019761972,76.80125095097148,77.50286445629634,78.15390964242198
Kepulauan Sula,69.89467906401555,69.83398530097269,70.41265776850089,71.33729193771491,71.90030262230198,72.59960820962898
Kepulauan Talaud,76.560246617643,77.26394736469103,77.95523396782914,78.60092587857073,79.26606120129438,79.94325713665586
Kepulauan Yapen,73.98252719826226,74.28804347608234,74.81750868198502,75.46172670258233,75.94387713671689,76.29080114822112
Kerinci,77.69543180565849,78.35470716051343,78.98950507189826,79.62759258351038,80.26278415022682,80.87928774479758
Ketapang,73.86290065508076,74.24833547680207,74.60735861949244,75.11940156686315,75.76821992699517,76.43310088242289
Klaten,83.56469786994127,84.2869332066175,84.9715528399685,85.60243443332034,86.22809561366746,86.86666567564579
Klungkung,78.51751298898564,78.87694006579613,79.34938975815881,79.98256220821376,80.7296460764476,81.1821032734705
Kolaka,79.81629089846778,80.1882175744741,80.7273758566061,81.32315082131663,81.75677687512926,82.11772047890179
Kolaka Timur,75.0219678375485,75.66880571818925,76.22919619016406,76.74836797643836,77.22979477675455,77.66429329352215
Kolaka Utara,76.32230543035375,77.12099509220523,77.78415816984021,78.44764153936626,79.09042530831815,79.7948470375313
Konawe,77.91117319071748,78.36072818011776,78.98819587270899,79.65897033150394,80.11984341554017,80.5508728901328
Konawe Kepulauan,72.32062953605737,72.79173467480604,73.24442174372386,73.6759844601493,74.09318487037872,74.47866235616353
Konawe Selatan,76.16998853996127,76.98166716069399,77.68049943235036,78.38918282702328,79.02328671328638,79.66986417009085
Konawe Utara,76.99984600431728,77.80710207273519,78.41460338506576,79.08052757912824,79.74605933070893,80.46075377685857
Kota Ambon,87.61742102848241,88.0028405911786,88.36667906116351,88.77114449293391,89.24644004216954,89.59409037043949
Kota Balikpapan,87.13959286103344,87.77809390228303,88.44431753492167,88.76231977887154,89.39568127977553,89.51976985617014
Kota Banda Aceh,92.66503885876209,93.16376428016315,93.65718581564595,94.12682580869847,94.59433176545875,95.07126822598488
Kota Bandar Lampung,84.19892639931085,84.49444052190108,84.81346595368301,85.2772524864501,85.83136903321204,86.30782444324164
Kota Bandung,88.69722953866182,89.23399043090194,89.98428130851545,90.30746530335622,90.63491546438186,91.11107477618648
Kota Banjar,78.21768440162502,78.59698043619872,78.97169200234995,79.34994203503284,79.73535547035968,80.09216642788502
Kota Banjar Baru,85.35708414877631,85.42161221022428,85.70721233379868,86.0949872329482,86.50625946416473,86.79530751995085
Kota Banjarmasin,84.16801602357629,84.64515727362122,85.11980459522083,85.60049221332531,86.06940872079194,86.51662085024998
Kota Batam,88.4163529017451,88.45813295124323,88.78958934869006,89.04347550421339,89.54619947672205,90.34207014673679
Kota Batu,83.71580673289195,84.29377537921081,85.15242991242147,85.97934319443296,86.60343620931475,87.12472837265355
Kota Baubau,83.33743619798565,83.87832464062288,84.35693422332945,85.0718448819292,85.71466816952591,86.40386141345815
Kota Bekasi,88.96854797219918,89.57191605477034,90.082855277494,90.59948638052411,91.04714650276091,91.52759820065131
Kota Bengkulu,87.21285729322419,87.5549440379223,87.89155855843111,88.22362261959859,88.6027982856249,88.9984224530488
Kota Bima,83.1944430767543,83.71102616891056,84.34246074303059,84.95752893233764,85.51935528079973,86.11334716102355
Kota Binjai,83.23675968237178,83.88485782342883,84.5036350124744,85.02698187643301,85.55679983808966,86.11426278255443
Kota Bitung,80.58056163357625,80.99469949241075,81.48528288044317,81.91483362464291,82.34054595529787,82.76275638728569
Kota Blitar,86.77591201645222,87.47052569070976,88.24935960770182,88.93205526014309,89.58638674293213,90.28818860586586
Kota Bogor,83.58828315433347,84.0252153956576,84.51302907895001,85.04823952395768,85.67263054905526,86.12899749144141
Kota Bontang,88.16640196321349,88.74293655293745,89.34747563709006,90.03960245293445,90.70158219333226,91.28709811434928
Kota Bukittinggi,87.69111300124538,88.08299303314598,88.55324821624232,88.93794449244439,89.49384124349274,89.78411864614603
Kota Cilegon,79.84915479867618,80.24097592946828,80.61971976052064,81.09448113330049,81.6101690892872,82.12519322763673
Kota Cimahi,85.1396516774396,85.40432525520112,86.00954607502992,86.61432224419191,87.14030056247131,87.4859857648508
Kota Cirebon,82.13085655733326,82.63727090487282,83.25620814178768,83.8095152091753,84.3538946922527,84.88783507629834
Kota Denpasar,90.85908778797055,91.30971785678142,91.72883605185251,92.15658982187539,92.56970072843386,92.9795669528308
Kota Depok,88.38827029604583,88.9011812771169,89.44814579664948,89.90662545654219,90.43220364305157,90.92425137078264
Kota Dumai,80.69204163214553,80.79671759344586,81.27041297668957,81.63805852617703,82.15640211913609,82.48175569060861
Kota Gorontalo,84.27978040179246,84.8678728176592,85.44759650914533,85.95363941502052,86.46973800764708,87.01332630860419
Kota Gunungsitoli,75.55301503259756,75.956923586612,76.5143806268827,77.07337298719882,77.67601859807739,77.92978685583611
Kota Jakarta Barat,89.50486558839266,90.19825715302956,90.94222952103024,91.73154205880412,92.43984899327303,93.16207405417727
Kota Jakarta Pusat,88.43911475177902,88.88499018330491,89.3343613418429,89.78084521957021,90.20265269408586,90.62097118456643
Kota Jakarta Selatan,93.08176610159622,93.98215987407248,94.61252221314521,95.27231026261326,95.88127373756942,96.41314995510233
Kota Jakarta Timur,90.01675860959533,90.39293791165626,90.91151746215472,91.50621953230514,91.98501883800714,92.31023584244423
Kota Jakarta Utara,86.49110164805805,86.75183763119455,87.02437962768164,87.29663272977689,87.54601365308464,87.7843817165225
Kota Jambi,86.13201213762594,86.94355035237503,87.58285655908047,88.15977801309758,88.92239609011258,89.422015528305
Kota Jayapura,86.47303928909014,86.58035399031404,86.85764560990104,87.2864155747322,87.85685634953813,88.10960924260814
Kota Kediri,86.71834308124961,87.23619279685616,87.88508769276207,88.65195529879888,89.50121484337228,90.21715740305224
Kota Kendari,90.90283666348093,91.58771105788861,92.18477325892664,92.7541216853854,93.28722267688724,93.68982626292627
Kota Kotamobagu,79.8170543619269,80.32960877734753,80.87059770947405,81.2207776073101,81.97099276128351,82.28740039158842
Kota Kupang,86.04102832419551,86.37838662064534,86.75968984682481,87.14967166330337,87.52624863811775,87.87892898485228
Kota Langsa,83.79054563821346,84.35006020029147,84.89883214986202,85.38592068592874,85.89994456515714,86.38399431097083
Kota Lhokseumawe,84.69729048547946,85.24719786588854,85.97795765121722,86.61395864276581,87.16025157722916,87.70513671267923
Kota Lubuklinggau,81.59165909653643,81.8758035930399,82.4569840918359,83.09767045784163,83.58061996453539,84.02892588706239
Kota Madiun,89.5367980121411,90.48230766111271,91.40047708119057,92.43818620953869,93.34794388755037,94.19374681548996
Kota Magelang,87.9486569724202,88.30044668137612,88.92320432129611,89.47086461400336,90.29983837280648,91.26739866733314
Kota Makasar,89.21478481586702,89.6210069168405,90.02058829741334,90.4071714532384,90.78725351452805,91.1607951253678
Kota Malang,89.89839776590757,90.72332104478882,91.47922284977203,92.22444721737412,92.98518557596545,93.67280762121419
Kota Manado,85.46409581325113,85.73882297377564,86.11894985027648,86.51844436805447,87.00407744129944,87.20323566088702
Kota Mataram,85.23357482149166,85.44121319140791,85.77107749857448,86.12124257976616,86.58171657523903,86.94229346752998
Kota Medan,88.22083139184168,88.59232490142607,89.00568194097917,89.43758035090082,89.88454944258635,90.31877005119304
Kota Metro,84.15171562779784,84.64640472930542,85.14959223291375,85.65760172827052,86.12238857487282,86.60706661616403
Kota Mojokerto,86.66848543266441,87.36633554442214,88.18776997003101,89.0129440254828,89.74594131616155,90.53337465312998
Kota Padang,89.20833316018445,89.55463728150714,89.80184602404537,90.12005440030461,90.3540016507127,90.63002430657554
Kota Padang Panjang,85.50118576940051,85.98130840006397,86.61954041981768,87.15180448558857,87.75457786264884,88.29217493096274
Kota Padangsidimpuan,81.77844982093661,82.32733864553356,82.77041943044547,83.27073298809688,83.69399405137497,84.18728101047162
Kota Pagar Alam,75.29900954790742,75.76029849973203,76.56128157797191,77.41990828561394,78.09312071874193,78.48604445442187
Kota Palangka Raya,87.30829093444515,87.37920852812488,87.59453685946514,88.01465642694347,88.54135208246095,88.88722123802407
Kota Palembang,0.0,0.0,0.0,0.0,0.0,0.0
Kota Palopo,85.09835283586729,85.71241281403294,86.281866207193,86.80986566539326,87.35739778695225,87.9390686359344
Kota Palu,87.96585972642289,88.30924268883956,88.76924513037623,89.15296481035237,89.49010488729913,89.81535957766064
Kota Pangkal Pinang,85.70342006159592,86.23817648864012,86.76352009980468,87.30428907093689,87.86286365374589,88.3676968143845
Kota Parepare,84.72260891056078,85.11312775632823,85.63870964780486,86.17962840413271,86.6468395573667,87.10320710940114
Kota Pariaman,83.82500797891683,84.18245919693405,84.76909034888148,85.22297626088215,85.86435588890112,86.3235871470278
Kota Pasuruan,83.21784792403722,83.93285528090709,84.45655284182419,85.20645105397824,85.9010040159536,86.39505749299136
Kota Payakumbuh,85.40804757630207,85.99700485481377,86.44718151202898,86.9321492520443,87.1845318932082,87.56734654226791
Kota Pekalongan,82.47188641956372,82.93899982617216,83.59144013599752,84.08651015075677,84.68317002584429,85.13367041605244
Kota Pekanbaru,88.26594226919914,88.69265368084675,89.10666656997965,89.56363622757634,89.96805281031881,90.34576939052515
Kota Pematang Siantar,86.8137517944717,87.48087794166152,88.08471812239979,88.72900813449444,89.36488932560417,90.01139119742996
Kota Pontianak,86.63386128639198,87.28793918488319,87.89439225297254,88.38832230651902,88.86112539905206,89.3310990152141
Kota Prabumulih,82.20771688457504,83.04520176506495,83.80997277615914,84.46354175153967,85.12489542723331,85.820196152243
Kota Probolinggo,81.20556363300885,81.92538717846513,82.71061970083068,83.51512054232683,84.25934327096574,84.96322830406962
Kota Sabang,83.57512661199804,84.25473623826915,84.94629015848051,85.61542949519928,86.24354125489849,86.85246761906266
Kota Salatiga,91.81233539635724,92.59549156097658,93.31438322527985,94.05855066735519,94.78163564061296,95.48645313569594
Kota Samarinda,88.46633332611796,89.14093651803748,89.89056285366782,90.46098132130989,91.10444195767045,91.704812152749
Kota Sawah Lunto,79.97583068945727,80.5811451997118,81.30987519970965,81.97708850857049,82.61439738316444,83.21640975400595
Kota Semarang,90.89209859362612,91.30845792974789,91.91314871355837,92.1650498652096,92.70874005449629,93.22258754619483
Kota Serang,78.53782534896726,79.05689288540147,79.55299935393693,80.05843236109162,80.54470795289218,81.03252819348339
Kota Sibolga,80.64215506630964,81.28537722893655,81.78430327618739,82.36446303420924,82.97690001864315,83.52566754138168
Kota Singkawang,78.19726165630982,78.80097600330281,79.32085601439036,79.88878866147459,80.15532814971415,80.60492170895665
Kota Solok,85.13672446591775,85.55937228021759,86.12310947491986,86.52689704954628,86.8902868812892,87.28601540493665
Kota Sorong,84.37303105910898,84.64021314547675,84.99177458317206,85.26239414766103,85.4399992478435,85.62863766376972
Kota Subulussalam,72.05632652955747,73.01543144174087,73.94147078738543,74.84500198453043,75.73263440727193,76.60337979073704
Kota Sukabumi,81.78773084701831,82.36029549894718,83.16742529509044,83.89809803458192,84.42765240719713,84.92071510157334
Kota Sungai Penuh,82.3982885778774,82.6293825339918,83.14206703624066,83.6466481569784,84.21818740687424,84.81790701962763
Kota Surabaya,89.68486822462948,89.9316404349232,90.04584027191993,90.29274727899289,90.77823289466154,91.38484853817812
Kota Surakarta,90.16676555454875,90.65734744478205,91.33738105333723,91.93026362334483,92.53349632802346,93.13214982548446
Kota Tangerang,84.79539437813725,85.14713590097443,85.54862383260961,86.07602753582964,86.50488537099102,86.71175026358907
Kota Tangerang Selatan,88.19663824336195,88.41588136494963,88.78025750564966,89.13952601600849,89.526781652666,89.91041532581362
Kota Tanjung Balai,75.65046401803762,76.63439546953022,77.28849416649595,77.95702938991883,78.87740970281537,79.66764201953366
Kota Tanjung Pinang,85.9610586811289,86.52747553337493,86.98905481842016,87.46084745770133,87.92637070687515,88.3452055849674
Kota Tarakan,82.89646215285089,83.14395870839596,83.59743585563376,84.13145979052321,84.60214629285032,84.95205459823532
Kota Tasikmalaya,79.9491396610264,80.4258253689448,80.92596835396758,81.45424211075505,81.98763535548537,82.50166751596414
Kota Tebing Tinggi,82.27195136111966,82.69811871446146,83.37277142166042,84.0716693919982,84.56364058509367,84.94380955351919
Kota Tegal,82.50120164922934,83.04583681311685,83.8354939104243,84.37841873297685,84.88052820549221,85.35742303999804
Kota Ternate,86.75179678290942,87.45029084392911,87.89912236953246,88.72893559775159,89.07246778819353,89.29890868419058
Kota Tidore Kepulauan,77.43722833345738,77.8985280723175,78.4283763361801,78.98612496140049,79.4741912065113,79.92402015484046
Kota Tomohon,83.86717755809701,84.30749024270895,84.99864498427958,85.66538852213876,86.20071701488334,86.6426157686266
Kota Tual,74.58568009560823,74.90074488782486,75.30708416863816,75.96486025702426,76.72836394559829,77.36838582639572
Kota Yogyakarta,94.32392188625938,94.85906775531231,95.37532432428473,95.79726540791535,96.29193470219994,96.72248476525954
Kotabaru,74.80646427559948,75.30683422492156,75.75324914111819,76.19303411046167,76.61751331566177,77.05691195205549
Kotawaringin Barat,79.051713885678,79.39197286838076,79.84490674564609,80.17272758598064,80.47041525071782,80.70946833526793
Kotawaringin Timur,76.8385931198332,77.0890990887811,77.47362834016891,77.8681907380793,78.20500193606333,78.50642434453725
Kuantan Singingi,76.38079213655952,76.83396692155169,77.25001178650545,77.82823487787608,78.27567793302808,78.57471562887496
Kubu Raya,74.00128838874501,74.4472998329447,75.09000701712364,75.79912651869208,76.4029924596655,76.87200527517395
Kudus,82.02388465556682,82.22748330358178,82.9075027884659,83.7689479759861,84.36125855216217,84.54693196414767
Kulon Progo,80.88168004437618,81.1556634132327,81.54724680583485,81.87657944368382,82.19219248611061,82.50284644486767
Kuningan,75.74613105307361,76.1987721440866,76.78633726173729,77.31278940301912,77.7766182672931,78.24361904114075
Kupang,69.98300702315895,70.25029260739727,70.8538161236363,71.54667204203018,72.18200670573512,72.61566868582497
Kutai Barat,79.15278698380345,80.07345068873462,80.81992940125326,81.46035866520904,82.23642068715125,82.81737041256075
Kutai Kartanegara,80.87305943452346,81.48194039790899,82.06722752308617,82.65169929847498,83.21094415454411,83.76701511506641
Kutai Timur,79.98378351012627,80.77526587736725,81.18413007277937,81.93392714687909,82.27136110736193,82.59924214766686
Labuhan Batu,78.8938310262887,79.14789940762648,79.55326927574208,80.23904646241371,80.80842755568798,81.2959040972517
Labuhan Batu Selatan,78.54734032056552,79.29184832018926,80.09073008323553,80.76047794418864,81.3333200160406,81.92957732156194
Labuhan Batu Utara,79.38683797882793,79.77932167309028,80.21568298903941,80.82057864913418,81.34746963475973,82.11460857946516
Lahat,73.92116519167475,74.35954974569336,74.97547914753505,75.60109401162035,76.16318430732441,76.64620555944948
Lamandau,76.42847622351069,76.76913214743055,77.36366547454756,77.96618002729417,78.27762215303126,78.54770680337529
Lamongan,79.76454178115958,80.16523257270606,80.96425282982304,81.67956401229209,82.225047171835,82.7692845473248
Lampung Barat,74.10799860403749,74.62109054554365,75.24246856850304,75.92165480961035,76.47320200368709,76.99736465985247
Lampung Selatan,74.60008428996146,75.12299203800963,75.64866479404411,76.16848439194216,76.66765547105467,77.14331837630813
Lampung Tengah,76.7280537250608,76.99697940820154,77.34416708053129,77.91613852961179,78.62258367078486,79.2467624421093
Lampung Timur,76.50451910628787,77.18626065025772,77.86799131810399,78.53416105195954,79.18581384225604,79.83041536878194
Lampung Utara,73.85585760467275,74.19485230091193,74.64987934646899,75.101616731509,75.66014075994971,76.16553750587006
Landak,74.10673508147686,75.2654703047474,76.303184499077,77.3451351358097,78.3864535840995,79.35134379256775
Langkat,77.23122548459708,77.70185796310481,78.24627775540147,78.73414085177171,79.21987336461466,79.72954010889919
Lanny Jaya,52.38461669567145,52.821539887581984,53.84330951716061,54.4320130507335,54.7628028915966,54.83149183112098
Lebak,69.82441033017423,70.3016319181806,70.95774154080577,71.61597297517389,72.09671452634095,72.75102608140477
Lebong,73.19644300767669,73.70458769878503,74.27237171799484,74.82896389039182,75.37341051677173,75.89524925578964
Lembata,70.54861301296474,70.76607456829,71.3016750476535,71.98895351653925,72.40997589938728,72.74166741257235
Lima Puluh Kota,75.56588233999209,76.08345511804266,76.51585626250058,77.0324001046833,77.5188043028631,77.91701798323376
Lingga,71.97289372812688,72.573298175098,73.32542980154263,74.2013505887556,75.0787762278012,75.78687306646306
Lombok Barat,74.31362824082616,75.03094202933505,75.77299074911484,76.4104780728433,77.01365385251334,77.65877152823283
Lombok Tengah,72.38539013478228,72.8146851368997,73.52128900175771,74.41593580911392,75.16277537902563,75.62816983537023
Lombok Timur,73.32178987831551,73.6826321409255,74.2142442046728,75.2610233432543,76.12656866198637,76.87286519193964
Lombok Utara,70.78020939153532,71.21747914838141,71.68375936305638,72.43252210291578,73.21647889526996,73.83948027085574
Lumajang,73.02389667709674,73.51840048328785,74.12925823106576,74.88770638430947,75.81882158137988,76.69081120853387
Luwu,77.29432671293213,77.80181712072172,78.49070394584642,79.1866314931519,79.75412612019224,80.27308954877539
Luwu Timur,79.59725634419407,80.08254168417987,80.53494692383133,81.01865028251815,81.45970442005569,81.8972060487065
Luwu Utara,76.67599768211028,77.19336417384878,77.88681697356029,78.6317397989388,79.38245084240813,79.99628267457636
Madiun,78.44028195596063,78.87418215372664,79.38913122355375,79.93870756823009,80.53186608918614,81.11508552891024
Magelang,76.56117439396127,77.07575915458442,77.67836796621039,78.2233030589464,78.74707886619099,79.28134649992953
Magetan,80.63400680542043,81.15266404599778,81.81950936196822,82.37071647656586,82.86311357653719,83.42187929081356
Mahakam Ulu,74.91097102219106,75.61859720153677,76.25832295237048,76.89728122990525,77.48330864109356,78.02953506896813
Majalengka,74.00041971017016,74.51546618497463,75.15354037944611,75.73639307705598,76.27446689376964,76.80134212133565
Majene,73.52747541650179,74.11054937003347,74.74629245915227,75.49242851440975,76.25503885733228,76.943796315361
Malaka,66.1559205523689,66.67445448325707,67.24141618083942,67.77929397849009,68.2589385147833,68.69327610439649
Malang,77.11585904587929,77.69118317510842,78.29001646426136,78.84470665980287,79.35755879934145,79.85895257880878
Malinau,78.38846696901534,78.68781283063565,79.05667751941952,79.32837342556016,79.95727956064684,80.38418776855947
Maluku Barat Daya,68.98407295238155,69.76391065208654,70.53859406346501,71.32098336119354,72.16403744878158,72.97100241369492
Maluku Tengah,77.34944000084307,77.48468555867487,77.86555597223263,78.39566485466023,79.10649697506666,79.52081360094623
Maluku Tenggara,72.55835313841519,72.9062298759193,73.31455779373455,73.65022800036168,74.21681940570363,74.77742438480819
Maluku Tenggara Barat / Kepulauan Tanimbar,68.61861801553609,68.84458428748235,69.18441420474727,69.70922101987149,70.3073569768992,70.80705986339096
Mamasa,72.88382982221553,73.53895931893435,74.19674606821593,74.89719182530331,75.49822614567485,76.16433880488839
Mamberamo Raya,57.15068690334402,57.45680017431815,58.085494126891554,59.07584907579907,60.07002980516354,60.48427045458783
Mamberamo Tengah,52.242623670599,53.18864290580722,54.172864366982864,54.70293551023553,55.076227794316615,55.913422199177454
Mamuju,74.63563094863088,74.98622537424284,75.42471583432955,76.18428184570404,77.02120467590228,77.66767495801027
Mamuju Tengah,72.87655271137145,73.79737652997528,74.56200459880682,75.33016848545005,76.02652437717632,76.72863169918674
Mamuju Utara / Pasangkayu,74.01145398263704,74.49562392313652,75.03518126279319,75.56130179660587,76.1321349665487,76.67779069704937
Mandailing Natal,73.48027260638729,73.90391232434544,74.70349545206598,75.38690370982816,76.01994588863276,76.80921056476882
Manggarai,71.45261945791778,72.1562375807032,72.9880719896847,73.80751580118681,74.57202643115522,75.35162632299013
Manggarai Barat,70.76850720482139,71.26458492966692,71.99370349389467,72.86552530824916,73.71486021927684,74.34287241205674
Manggarai Timur,68.31666259574816,68.90452260556175,69.78754307908935,70.70417507885807,71.65139240081055,72.48601695636003
Manokwari,78.20377577859973,78.72769753811936,79.24294279206327,79.84117839438238,80.34455825414196,80.86689574773914
Manokwari Selatan,66.15759868175854,66.74870106023582,67.30872469554602,67.8737072876682,68.37810231339212,68.83087044343817
Mappi,63.800541617180116,64.52968229290072,65.61254425879109,66.06089476799956,66.14643370188676,66.52725881415901
Maros,76.38371902990535,76.95440601371088,77.53536183412888,78.14144830151773,78.69299024126347,79.23656029471705
Maybrat,64.23059962540975,65.0114725315069,65.66709038399667,65.86160762832303,66.12168458549806,66.66217492516547
Melawi,73.65627647643848,74.48236881622894,75.24489801150762,76.08712171845869,76.89292194972896,77.64125712830969
Mempawah,72.54406946577738,73.10508888547034,73.94966227109163,74.78217845747704,75.3938054781984,75.9169184433634
Merangin,76.27491364095152,76.73657141148817,77.18719495431584,77.53747655573274,78.14188062710475,78.8692353178432
Merauke,76.18812740758081,76.87773575661069,77.93355822920493,78.24840223560409,78.34303851648336,78.8358884935689
Mesuji,70.7194562734799,71.40544319279402,72.05207249729743,72.65361933472964,73.23064013939124,73.77874360491883
Mimika,80.70127686731816,81.31766754207156,81.83751560610028,82.1116669173423,82.43183233966938,82.91156879358637
Minahasa,82.921414165526,83.60432469774175,84.20126052390874,84.78937659516899,85.36106881925554,85.89654912618566
Minahasa Selatan,78.70338831226142,79.31088424346598,80.08463087627871,80.62347118696964,80.99711559075578,81.58776258314876
Minahasa Tenggara,77.07173736307098,77.65352692862557,78.06053684811657,78.54343035210084,79.15354288934469,79.49854626107282
Minahasa Utara,80.74919109866194,81.15402595536654,81.66141100853402,82.19285548037672,82.64953733598023,83.0459332707065
Mojokerto,81.01250755202176,81.64488553632843,82.26673396824124,82.83565246165813,83.42217899553789,84.01648427448097
Morowali,77.94240503741449,78.2602700721152,78.69192029400868,79.14120981376372,79.45908095707449,79.73575387578235
Morowali Utara,75.0780626826902,75.35088269447506,75.58622162983683,75.93413907842019,76.46971814641888,76.97750713522255
Muara Enim,75.43415358785134,75.77152694459839,76.14869898877855,76.69130680527871,77.29666441284259,77.84957533224306
Muaro Jambi,76.77880921338969,77.66190956725877,78.52799911159796,79.33211768926289,80.1450081689484,80.95032517391257
Mukomuko,74.78484947962278,75.28281179629097,75.87549488347759,76.5233039565485,77.16910485524825,77.68815735257638
Muna,75.77061821421805,76.34448984480994,76.90895302011997,77.26636247174808,77.59061242301341,78.20109908769254
Muna Barat,72.86734717080535,73.77633960310658,74.60299276686281,75.39468198874464,76.11414974054672,76.87832973606288
Murung Raya,74.50736909555826,75.00790727228618,75.4769665186719,76.00312396578285,76.5073892780887,77.03769909129139
Musi Banyuasin,74.72499605650016,75.3483471013161,76.07836842890339,76.52247086273012,77.00503180999155,77.65637634338594
Musi Rawas,73.36917966926596,73.79067220644083,74.3233706929891,75.03344409644548,75.59106108101888,76.14020683935027
Musi Rawas Utara,71.58573406455461,72.35267377938209,73.07055234247633,73.66593052490974,74.1682537902345,74.63969627624495
Nabire,75.2396136502779,76.1208477453143,76.79686789908108,77.08977194985854,77.45251658588403,78.22902933104766
Nagan Raya,75.91134537766109,76.5371378671826,77.3845457768903,78.1160118490639,78.67125523623648,79.23847833138468
Nagekeo,71.61523116974352,71.56638762781955,71.83316540449806,72.44225919220221,73.2155746787432,73.61900294597102
Natuna,79.09308688635946,79.77241647841329,80.56021216691192,81.05762535145918,81.80916894153009,82.50775799849242
Nduga,35.973138544637365,36.44285919451688,37.43675169758288,38.548029563921354,39.307319523041485,39.71802394791692
Ngada,73.45650058683837,73.31864558330896,73.78437017643805,74.39179409824757,74.9883686233764,75.05052939287953
Nganjuk,78.97302070238823,79.82286398411468,80.54893651370901,81.1279641007547,81.73076542297524,82.40287352007711
Ngawi,77.84129158941172,78.60005082121512,79.3155933737362,79.98637333474178,80.66191987269006,81.33843417930885
Nias,69.73507956708139,70.87701952853828,72.09793630416084,73.35917155663964,74.53212942046098,75.73983220789403
Nias Barat,68.2780772953417,69.36805723367164,70.07071312883595,71.30638934324922,71.74211718166045,72.7146156356669
Nias Selatan,68.65854779697844,69.4656304980038,70.41067441899223,71.37109366004142,72.09879485321305,72.866070464268
Nias Utara,69.4623824298663,70.11866288823215,70.96009344601116,71.88631251474216,72.84900729460847,73.56732371551357
Nunukan,72.28936251381855,72.74450148342669,73.39673526072724,73.80443647770574,74.58820321211844,74.77884213785065
Ogan Ilir,73.50138795343865,74.15209541194596,74.9327989008024,75.60520208790646,76.1566858897119,76.77060622437631
Ogan Komering Ilir,73.42716307978232,73.94190309188158,74.52197045816565,75.06200099256539,75.61684942001247,76.11607914237244
Ogan Komering Ulu,75.86682165023309,76.35261709031768,76.93744001357952,77.48205654920147,77.94139941113046,78.3811319190714
Ogan Komering Ulu Selatan,71.98951727516142,72.09332634125762,72.25733954929183,72.67871944600785,73.42119064860928,74.36641340900967
Ogan Komering Ulu Timur,75.83176079240397,76.30302157878296,76.9446109722007,77.60095508773541,78.13807705398365,78.6049043595506
Pacitan,75.22598415769184,76.05606516236864,76.82483919488989,77.38924057753297,77.99248312876581,78.73980410198371
Padang Lawas,76.1533476730551,76.88256854904967,77.66527347932413,78.59142728341591,79.43512039662933,80.23871380023415
Padang Lawas Utara,76.6830950611525,77.44246707189807,78.14673418719477,78.88981330110597,79.37630285484668,80.06993285386729
Padang Pariaman,77.06499167783792,77.59825321469148,78.58202547056925,79.36362792855064,79.70965029576473,80.04817235854857
Pakpak Bharat,75.06826789308688,76.04988684325039,76.91247936384183,77.80331301440269,78.67104788431806,79.51374551129054
Pamekasan,72.19881289729256,72.82399610562712,73.26115937049028,73.95493169549023,74.72140453194763,75.20147092885257
Pandeglang,70.57052196165432,71.04699094415096,71.57236561295606,72.17268681705129,72.71075639073366,73.24576807742667
Pangandaran,74.21371923204947,74.57580544214538,74.97787513082106,75.33660992150864,75.66369111717587,75.97106884147074
Pangkajene dan Kepulauan,75.66202368631156,76.30003149495411,77.15311755984345,77.92036480194541,78.63956147798446,79.2350994094072
Paniai,60.508053074814,60.72038780984793,61.332170635218446,61.48744791105955,61.75821373068682,61.861763110035376
Parigi Moutong,71.07420433032291,71.47154904908562,71.94675210681875,72.63807142905752,73.07602012279857,73.41235457912562
Pasaman,72.91631018160255,73.24137080364329,73.90809280635912,74.6644830196701,75.2120025075168,75.68439243048834
Pasaman Barat,75.40036102203743,75.88645999368133,76.62918080834497,77.33355401222204,78.01716663443139,78.70756152077095
Paser,79.81217549037504,80.38529550823283,81.0729915451459,81.7414270261985,82.33862443610451,82.93631105218869
Pasuruan,74.89330454080398,75.48575348170687,76.08975758997246,76.61382996733413,77.1053258992063,77.64193191472927
Pati,78.76059792711081,79.26163104401382,79.88206515833288,80.38089525853803,80.91188287508376,81.35198141416839
Pegunungan Arfak,61.405352993396846,61.81953646553083,62.3889912503735,63.33094016523346,63.85975622509447,64.22917933820672
Pegunungan Bintang,50.58669031417101,51.26846622907697,52.407900895941246,52.75659966077122,53.06989493629327,53.44000888760328
Pekalongan,76.12953612379769,76.78687414705286,77.4369685098196,77.99393381510002,78.40975116704655,78.89949128277439
Pelalawan,78.99814923747238,79.67327621850481,80.2748026305926,80.87185120735444,81.48233206475336,82.06954219901078
Pemalang,72.67137229005927,73.205269412391,73.83308844781538,74.40348389676848,74.96100234445592,75.48999334669543
Penajam Paser Utara,78.46981218189491,79.02011578815156,79.51142757140828,80.12513851527102,80.65676666633246,81.15264325674856
Penukal Abab Lematang Ilir,71.76317077025001,72.48396098494875,73.14514738685385,73.76042422909963,74.33291419975666,74.86255852740626
Pesawaran,72.9936534516228,73.47860600912257,74.05783926955964,74.69223910176137,75.46980414231483,76.16622698519942
Pesisir Barat,70.87513748720538,71.51683862887715,72.13972344864409,72.73915940906384,73.30419327045061,73.83499731392249
Pesisir Selatan,76.50642892042448,76.6295880664913,77.18397934197253,77.94132041911844,78.44304637741547,78.90706944123912
Pidie,76.44140280636734,76.83910984304512,77.30316216316335,77.75428769902723,78.22325805754235,78.63961774918995
Pidie Jaya,79.8739410452912,80.27672576041915,80.70382197029744,81.19099538482362,81.56682626262095,81.97856726885945
Pinrang,77.87402914789148,78.09096985583153,78.68324062843745,79.54094557365119,80.2744153457233,80.68160691004952
Pohuwato,71.85896281593713,72.5944906782326,73.26519641290227,74.01292470276171,74.73214471023964,75.36837736214055
Polewali Mandar,69.71271157240233,70.21030207752389,70.88211964439459,71.58304376944129,72.18170782933953,72.67932789489156
Ponorogo,77.56581528373198,78.37313257243362,78.95686199049962,79.57345107847456,80.26070254871414,80.92312947199048
Poso,77.20051669986829,77.39454553637435,77.71840046834149,78.13213812000066,78.51077584806092,78.79386629514332
Pringsewu,76.96364819843973,77.47741762597092,78.05187520755207,78.63069747469721,79.19058913295171,79.75891801568812
Probolinggo,71.96289817283106,72.51923546175144,73.06505214391831,73.75665321497995,74.32234028355012,74.88474232464313
Pulang Pisau,74.61724380876507,75.08991452053701,75.61992724806731,76.12942244312714,76.61472815508296,77.08516814969433
Pulau Morotai,69.61396850702094,70.31967526209009,71.15628728902233,72.0467491242919,72.84652879416375,73.54551143900963
Pulau Taliabu,66.70115806688003,67.60187267383809,68.22956744008653,68.8116752536818,69.48903458285555,70.08508439031256
Puncak,46.17790060958404,46.65461211792992,47.12443940014563,47.37781823532896,47.63942773826769,48.0066255171704
Puncak Jaya,53.34282359033688,53.7853528658829,54.73501280735875,55.2074753913603,55.466608325407535,55.671171325846316
Purbalingga,74.81111383350651,75.15455197780909,75.72079929712983,76.22490931081819,76.55933918605196,76.88668247844404
Purwakarta,77.18745507172872,77.52365125428413,77.98789818379575,78.48867341298754,78.98754075783806,79.44101194769436
Purworejo,80.07440155254534,80.59964532219765,81.13518658224189,81.74897303501594,82.46682951916019,83.12344136354591
Raja Ampat,69.24724749660149,69.82369405549404,69.9028769213638,70.42838275824091,70.94433428902862,71.0813232996053
Rejang Lebong,77.18554208290844,77.83827998992464,78.68490845578994,79.35800535591213,79.88352039061971,80.49717795950944
Rembang,77.41410362965182,78.102989441822,78.92286100674399,79.59094919290474,80.29947445265995,80.96552121262013
Rokan Hilir,75.346561674642,75.79019794429797,76.48156987744208,77.00422596266867,77.3316995274331,77.68533515057166
Rokan Hulu,75.73877091870752,75.90797558363872,76.44310648790933,77.14133646046216,77.92153115569621,78.05335316700557
Rote Ndao,68.0973335083832,68.33253393640405,68.71185315558589,69.31563756398859,69.9931506475519,70.54456291825274
Sabu Raijua,62.628908437353154,63.14552628185236,63.853070042345074,64.76552087948113,65.4782565561343,66.08765291373277
Sambas,73.14175230009964,73.43538952851311,73.83786013517009,74.35903844222119,74.92603793231568,75.46376589685454
Samosir,77.59332137760505,78.03758743834914,78.74204219399883,79.30024068294684,79.92260734572791,80.47074350006363
Sampang,67.70486276243473,68.19820278097765,68.8059210540288,69.43483584196468,69.93612106946414,70.5820296001266
Sanggau,72.79861564675278,73.37642172150035,73.97166455699751,74.56678392371698,75.13335218447938,75.6681324195177
Sarmi,71.074116459771,71.41807200921032,72.12388965185451,72.9977076806939,73.85669143037109,74.70624496865324
Sarolangun,76.82234926695828,77.40724507037538,78.11450110711873,78.8833799263191,79.4791634686677,80.11448064687768
Sekadau,71.49804738377146,71.80065032707047,72.48318321760942,73.34413208964217,74.21461658714125,74.76530444958345
Seluma,73.16349786018972,73.5150794155365,74.06209253137217,74.60904786807724,75.17174476925858,75.76153612273166
Semarang,80.27446770720218,80.42052771290555,80.6193175962645,80.92988393029115,81.46099861670136,81.86764726238461
Seram Bagian Barat,72.25243576592803,72.86056856932741,73.54651613154932,74.41662768982525,75.09406185887148,75.71738359468715
Seram Bagian Timur,69.91855830002716,70.54757259947634,71.02717679413004,71.4711910745605,71.95563710867123,72.38818930721756
Serang,73.13909414953083,73.7516299076275,74.43559619417148,75.09311468166062,75.73141700792317,76.36839123186604
Serdang Bedagai,76.99483388974856,77.33351987018733,77.92731920084279,78.46090577581454,79.08697668236854,79.66578757111674
Seruyan,73.18741531214042,73.69166515137034,74.05674424615479,74.34123433624617,74.58534814203232,74.8696262108186
Siak,80.2334497603346,80.59811208247663,80.98290389989488,81.34782799494933,81.6829935758577,81.9969600338417
Siau Tagulandang Biaro,75.47012718443771,76.10638100352632,76.7058054449569,77.66207457203738,78.41519107482841,79.02092753858462
Sidenreng Rappang,77.55577538415073,77.97772393866681,78.57283309971655,79.18108758931017,79.64766947069363,80.03819659249793
Sidoarjo,87.75086632307048,88.29469194104597,88.82466918901743,89.24672934913993,89.88567831760614,90.43980095301744
Sigi,74.69217414700593,74.9907879002095,75.4737751433799,76.23374864734032,76.90710903967884,77.30516511047783
Sijunjung,74.28280377865747,74.74439544404922,75.50818233806515,76.29744931258199,76.85027819730414,77.28975647622948
Sikka,70.9536128322763,71.45462593382425,72.015862584149,72.71625319262091,73.37300899049136,73.84107160252917
Simalungun,79.68654576125807,79.98871795408601,80.28241192714367,80.90328172299324,81.47539671698071,81.94035739736631
Simeulue,73.29587436489281,74.06806248170125,74.84308255466844,75.64553101424771,76.40448187356212,77.14138933337533
Sinjai,73.36517065779441,73.96762407007267,74.57887655419928,75.10125911074748,75.55157916044172,76.13983190566523
Sintang,73.81667671970624,74.66699519481273,75.5105896909803,76.25925400341389,76.90106977695979,77.6597145958862
Situbondo,73.72139497209052,74.15885216800558,74.67521780999166,75.48015834608243,76.19684528572272,76.88178690384325
Sleman,91.42211638440284,92.16290915992664,92.6612050312327,92.77244123168988,93.0190835246856,93.19975520892602
Solok,74.98812902132556,75.50831558104593,76.14603082933758,76.58652234087555,76.96122550857824,77.43703594737838
Solok Selatan,75.90297160775778,76.24604215668629,76.7246744778174,77.45781417429359,78.26347453402745,78.86207059473527
Soppeng,75.87567005801358,76.32866501803996,76.90108456343421,77.6599094099538,78.43155126432667,79.07186169948275
Sorong,71.25441950189553,71.81687986445651,72.56420504741827,72.89878158669904,73.19642775562993,73.64541656539559
Sorong Selatan,67.12379419176531,67.58017691829691,67.76704455998302,68.028758696444,68.49670854527389,68.70766166444376
Sragen,80.32223990718913,80.63118473669738,81.1878573586353,81.64687089846753,82.12316651501911,82.546283565346
Subang,75.84376219964098,76.08004005283972,76.5575444686617,77.27637781806256,78.02845816375445,78.70076111185159
Sukabumi,72.87419126715146,73.3812870539939,74.06659445482877,74.6076450057427,75.02764506587796,75.46222326031365
Sukamara,74.37949706911479,74.90566168009467,75.32244744573768,75.75322140484869,76.18356117324066,76.55289018085341
Sukoharjo,84.53200313625011,85.09308739587111,85.90578403444337,86.58765433783788,87.07870201177924,87.58985048762797
Sumba Barat,69.6003268704983,69.9906074239441,70.51456507611582,71.16660182445867,71.95136006710952,72.55246661023627
Sumba Barat Daya,68.03052087138956,68.53441291159268,68.91044045507151,69.64456534494616,70.16150705211291,70.54645622997965
Sumba Tengah,68.49202923386756,69.03692458910479,69.7686775293015,70.5870071441557,71.32490972848767,72.3038851330606
Sumba Timur,71.6645410681945,72.12464487659355,72.69757796337522,73.31347500171056,73.94962910541649,74.52581210252343
Sumbawa,74.87739494776562,75.51096605323481,76.27764625642664,77.00671917632793,77.63419589816226,78.21605238882556
Sumbawa Barat,78.56055015237517,79.22074545067986,79.83251982904517,80.43748915083232,81.01237103925,81.55897522471786
Sumedang,78.27937839973048,78.55680098753594,79.43257757835453,79.97434432336829,80.48646760107363,80.8166393385264
Sumenep,72.96677489173528,73.73039279838285,74.49868605065346,75.25350299417639,75.99773640966546,76.74158067756458
Supiori,68.83394770715903,69.20545553212345,70.04088380322261,71.0137103909822,71.66167399319455,71.9566937715677
Tabalong,79.22149429050067,79.87877922684612,80.59639175156147,81.15829453492361,81.75413088274497,82.40670554628939
Tabanan,83.94127181991874,84.66527848825059,85.11597301349028,85.64879753544379,86.23503182953039,86.94479048959033
Takalar,73.59493875554277,74.17482097374936,74.8108838947639,75.39682994530149,75.97760681779972,76.55347664239949
Tambrauw,57.83508620900228,58.94975514170654,59.68406427238283,59.976131479062175,60.467988155729365,61.16856190651336
Tana Tidung,73.64819618754812,74.32318491123412,75.23501307231199,75.6987881621149,76.53725006916862,76.34597435942172
Tana Toraja,76.22010485362097,77.1407630790706,77.92077026158191,78.4950417086551,79.4918903515814,80.16151223101224
Tanah Bumbu,77.39099753946651,77.91911205062222,78.42445870229946,79.05412478447695,79.59205735114534,80.1045210100671
Tanah Datar,79.41653922441158,79.8231011251763,80.76977026714916,81.49488552706848,82.12159574746839,82.72948441739351
Tanah Laut,75.7995183321575,76.244350287026,76.82479600692291,77.33428004507246,77.85269621071998,78.29571862063003
Tangerang,78.83249762922696,79.2183202188675,79.84158725455279,80.4094631982303,80.93421809941124,81.5116634084239
Tanggamus,72.6804231089399,73.18153334696308,73.72980767451484,74.30202735424528,74.8509529179667,75.3828303474511
Tanjung Jabung Barat,74.26952307005536,74.86307009180733,75.47713199216925,76.04439053697251,76.62020266386722,77.20576926287535
Tanjung Jabung Timur,72.06463346231058,73.0305198674813,74.02702050028256,75.00950097794362,75.96658748805241,76.93988921041682
Tapanuli Selatan,76.44223402348686,76.8899441870426,77.42333915600777,77.98705080914095,78.55660755860814,79.09796965620816
Tapanuli Tengah,75.76035598072475,76.40784193708197,77.04506497644263,77.6644203140305,78.17997230094223,78.74660074334243
Tapanuli Utara,79.938829526555,80.36737887592368,80.78789185429638,81.22156646485135,81.73078521052116,82.2017230814389
Tapin,76.78175406964614,77.23380185596135,78.07529981860758,78.84243905327027,79.2515870234982,79.57565687510645
Tasikmalaya,72.4480771399976,72.88854202567823,73.69785743558047,74.63475048464582,75.28876127183128,75.71566170459445
Tebo,75.8769239579184,76.55032444533012,77.20064277431804,77.84472615266309,78.47131066266468,79.08056883337069
Tegal,75.15710279514946,75.92521174447118,76.58493568110323,77.20243338986457,77.88814062751072,78.56833384453724
Teluk Bintuni,70.56723667871097,71.10312935536079,71.77414317847278,72.50433698183213,73.1746089081768,73.78298213693239
Teluk Wondama,65.71046456676507,65.9803467440113,66.40694119129674,67.10244354295702,67.86002401667467,68.48690858510307
Temanggung,76.38996179640802,77.0990542651975,77.68188482806175,78.2540935822877,78.77578322539914,79.38305303682306
Timor Tengah Selatan,67.89846058868785,68.08368795472896,68.43144000428832,69.11133391882775,69.87921669152995,70.44842977305471
Timor Tengah Utara,69.63335924843376,70.09578484053137,70.84339916994101,71.60083501561682,72.1689205760407,72.64777225232883
Toba Samosir / Toba,81.7591034330013,82.22330394502684,82.76924825083925,83.2522078929147,83.6993224366347,84.15874069636133
Tojo Una-Una,70.71263618885494,71.23868705756014,72.138529639151,72.79983360014589,73.20433350375876,73.62040736597481
Toli-Toli,72.78497235841773,73.31494193008392,74.07119872077699,74.77426118069786,75.6022739104747,76.23015632707117
Tolikara,52.9341514931951,53.11320381495016,53.71057170089233,54.397933429384764,54.61162568458408,54.5129209894074
Toraja Utara,76.34933742351839,76.99973058132831,77.6995043534831,78.44207280391433,79.03153071900353,79.57820697011512
Trenggalek,77.1634422390069,78.13878285109122,78.72843099881682,79.40649186509494,80.30170401100402,81.04732082458406
Tuban,75.80288151629225,76.57928100922621,77.3677554829233,78.13783675713943,78.89779749258246,79.64923680474588
Tulang Bawang Barat,72.55585381436073,72.9192024661263,73.69933135093925,74.42001733557159,75.05346017671985,75.49187784510511
Tulangbawang,74.76937459913668,75.32456225284952,75.91982336006716,76.52443964070713,77.0234127476988,77.46683853954008
Tulungagung,80.0226360488982,80.69725137586609,81.34936684499507,81.87969905588183,82.4829897149189,83.11574426902129
Wajo,75.44931068625178,75.76324411682249,76.42032061102228,77.13350764248347,77.80380273057408,78.27107807225032
Wakatobi,76.3674691517839,76.84574682446049,77.3683765630223,77.88586666197956,78.42407262465616,78.89177485450116
Waropen,70.51775817173178,70.42907567180758,70.63007407047719,71.21675444314342,71.82671383975573,72.12192852354498
Way Kanan,73.50926320251284,74.01392178149297,74.571210696104,75.11718899814143,75.6631057448103,76.17715872737641
Wonogiri,76.98718639812967,77.61050498670008,78.42422866543558,79.01978194999583,79.50651780621466,80.07654913755701
Wonosobo,73.81674066942782,74.051554799027,74.43074930329915,74.83672257280767,75.22711480990009,75.54729447043346
Yahukimo,53.038648155112654,52.993711454901444,53.576081376956836,54.119783611517775,54.15155013225725,53.91442741532176
Yalimo,52.44201950515308,53.319895948357825,53.968519634049485,54.74455643143384,55.190273298050734,55.65338155184846
